date,agent_name,prompt_file,status,branch,summary
2026-02-12,audit-agent,bitvid-audit-agent.md,completed,unstable,"Ran audit scripts, created initial reports"
2026-02-12,ci-health-agent,bitvid-ci-health-agent.md,completed,ai/ci-health-fix-watch-history-flake,"Fixed flaky test in watch-history.test.mjs using waitFor"
2026-02-12,const-refactor-agent,bitvid-const-refactor-agent.md,completed,ai/constants-refactor/daily-run,"Refactored timeouts in UI controllers and webtorrent.js to use canonical constants"
2026-02-13,decompose-agent,bitvid-decompose-agent.md,started,ai/decompose/daily-run,"Task claimed — execution beginning"
2026-02-13,decompose-agent,bitvid-decompose-agent.md,completed,ai/decompose/daily-run,"Extracted ProfileHashtagController from profileModalController.js, reducing file size by ~600 lines"
2026-02-13,deps-security-agent,bitvid-deps-security-agent.md,started,ai/deps-security/daily-run,"Task claimed — execution beginning"
2026-02-13,deps-security-agent,bitvid-deps-security-agent.md,completed,ai/deps-security/daily-run,"Generated npm audit/outdated artifacts and deps report; upgrade attempts blocked by Node >=22 engine requirement in environment"
2026-02-13,docs-agent,bitvid-docs-agent.md,started,ai/docs/daily-run,"Task claimed — execution beginning"
2026-02-13,docs-agent,bitvid-docs-agent.md,completed,ai/docs/daily-run,"Updated README.md with clearer dev setup instructions"
